device,model,input_w,input_h,load_tag,p50_ms,p90_ms,p99_ms,mean_ms,fps_p50,degradation_pct,viable_30fps,viable_60fps
CPU_OCV,FSRCNN_x2.pb,128,72,idle,1.515,1.978,2.321,1.593,660.2,,SI,SI
CPU_OCV,FSRCNN_x2.pb,256,144,idle,8.661,9.977,11.787,8.696,115.46,,SI,SI
CPU_OCV,FSRCNN_x2.pb,320,180,idle,17.89,19.775,22.031,18.043,55.9,,SI,NO
CPU_OCV,FSRCNN_x2.pb,480,270,idle,60.335,62.386,68.443,60.721,16.57,,NO,NO
CPU_OCV,FSRCNN_x2.pb,640,360,idle,184.555,188.211,189.835,184.541,5.42,,NO,NO
CPU_OCV,FSRCNN_x2.pb,640,480,idle,254.035,260.149,263.553,254.956,3.94,,NO,NO
CPU_OCV,FSRCNN_x2.pb,800,600,idle,413.088,418.627,504.656,417.007,2.42,,NO,NO
CPU_OCV,FSRCNN_x2.pb,960,540,idle,451.743,462.763,548.459,457.081,2.21,,NO,NO
CPU_OCV,FSRCNN_x2.pb,1280,720,idle,998.042,1015.139,1031.671,1000.109,1.0,,NO,NO
CPU_OCV,FSRCNN_x2.pb,1920,1080,idle,2250.373,2275.352,2353.911,2257.436,0.44,,NO,NO
CPU_OCV,FSRCNN_x3.pb,128,72,idle,1.677,2.023,2.554,1.757,596.4,,SI,SI
CPU_OCV,FSRCNN_x3.pb,256,144,idle,8.697,9.629,11.31,8.767,114.98,,SI,SI
CPU_OCV,FSRCNN_x3.pb,320,180,idle,18.198,20.393,23.921,18.572,54.95,,SI,NO
CPU_OCV,FSRCNN_x3.pb,480,270,idle,60.723,68.743,90.682,63.671,16.47,,NO,NO
CPU_OCV,FSRCNN_x3.pb,640,360,idle,130.198,131.907,183.718,132.532,7.68,,NO,NO
CPU_OCV,FSRCNN_x3.pb,640,480,idle,179.437,181.972,258.129,183.048,5.57,,NO,NO
CPU_OCV,FSRCNN_x3.pb,800,600,idle,435.338,441.709,519.667,440.017,2.3,,NO,NO
CPU_OCV,FSRCNN_x3.pb,960,540,idle,471.316,476.542,564.992,476.35,2.12,,NO,NO
CPU_OCV,FSRCNN_x3.pb,1280,720,idle,857.985,872.835,1058.433,869.078,1.17,,NO,NO
CPU_OCV,FSRCNN_x4.pb,128,72,idle,1.972,2.369,3.881,2.13,507.21,,SI,SI
CPU_OCV,FSRCNN_x4.pb,256,144,idle,10.428,11.699,16.635,10.784,95.9,,SI,SI
CPU_OCV,FSRCNN_x4.pb,320,180,idle,20.44,22.177,30.259,20.827,48.92,,SI,NO
CPU_OCV,FSRCNN_x4.pb,480,270,idle,64.692,67.428,84.451,65.518,15.46,,NO,NO
CPU_OCV,FSRCNN_x4.pb,640,360,idle,148.177,150.477,200.363,150.282,6.75,,NO,NO
CPU_OCV,FSRCNN_x4.pb,640,480,idle,204.073,210.341,286.771,209.628,4.9,,NO,NO
CPU_OCV,FSRCNN_x4.pb,800,600,idle,334.778,341.153,505.839,343.086,2.99,,NO,NO
CPU_OCV,FSRCNN_x4.pb,960,540,idle,365.774,371.563,554.307,374.274,2.73,,NO,NO
iGPU_OCL,FSRCNN_x2.pb,128,72,idle,10.509,12.698,15.006,10.967,95.16,,SI,SI
iGPU_OCL,FSRCNN_x2.pb,256,144,idle,34.271,35.463,36.298,34.323,29.18,,NO,NO
iGPU_OCL,FSRCNN_x2.pb,320,180,idle,48.375,49.209,49.844,48.429,20.67,,NO,NO
iGPU_OCL,FSRCNN_x2.pb,480,270,idle,103.054,108.024,133.057,105.38,9.7,,NO,NO
iGPU_OCL,FSRCNN_x2.pb,640,360,idle,184.347,186.706,188.318,184.589,5.42,,NO,NO
iGPU_OCL,FSRCNN_x2.pb,640,480,idle,247.74,258.023,290.17,250.982,4.04,,NO,NO
iGPU_OCL,FSRCNN_x2.pb,800,600,idle,389.525,400.341,402.758,390.522,2.57,,NO,NO
iGPU_OCL,FSRCNN_x2.pb,960,540,idle,404.003,453.477,486.396,416.833,2.48,,NO,NO
iGPU_OCL,FSRCNN_x2.pb,1280,720,idle,708.543,720.617,727.109,709.802,1.41,,NO,NO
iGPU_OCL,FSRCNN_x2.pb,1920,1080,idle,1610.354,1638.159,1660.68,1616.044,0.62,,NO,NO
iGPU_OCL,FSRCNN_x3.pb,128,72,idle,10.644,12.357,15.608,10.95,93.95,,SI,SI
iGPU_OCL,FSRCNN_x3.pb,256,144,idle,33.919,34.674,35.116,33.793,29.48,,NO,NO
iGPU_OCL,FSRCNN_x3.pb,320,180,idle,48.039,48.618,48.756,47.877,20.82,,NO,NO
iGPU_OCL,FSRCNN_x3.pb,480,270,idle,103.333,105.487,109.162,103.637,9.68,,NO,NO
iGPU_OCL,FSRCNN_x3.pb,640,360,idle,196.804,202.414,245.41,199.518,5.08,,NO,NO
iGPU_OCL,FSRCNN_x3.pb,640,480,idle,252.616,259.912,271.03,254.101,3.96,,NO,NO
iGPU_OCL,FSRCNN_x3.pb,800,600,idle,408.426,430.36,450.64,410.082,2.45,,NO,NO
iGPU_OCL,FSRCNN_x3.pb,960,540,idle,416.407,462.866,485.096,424.534,2.4,,NO,NO
iGPU_OCL,FSRCNN_x3.pb,1280,720,idle,783.67,792.268,867.611,774.789,1.28,,NO,NO
iGPU_OCL,FSRCNN_x4.pb,128,72,idle,11.407,12.34,13.363,11.381,87.66,,SI,SI
iGPU_OCL,FSRCNN_x4.pb,256,144,idle,36.892,37.813,39.641,36.947,27.11,,NO,NO
iGPU_OCL,FSRCNN_x4.pb,320,180,idle,53.254,54.634,55.017,53.36,18.78,,NO,NO
iGPU_OCL,FSRCNN_x4.pb,480,270,idle,112.854,115.551,121.223,113.356,8.86,,NO,NO
iGPU_OCL,FSRCNN_x4.pb,640,360,idle,210.37,213.112,219.625,210.725,4.75,,NO,NO
iGPU_OCL,FSRCNN_x4.pb,640,480,idle,296.452,404.366,429.764,325.777,3.37,,NO,NO
iGPU_OCL,FSRCNN_x4.pb,800,600,idle,447.627,469.601,520.232,453.197,2.23,,NO,NO
iGPU_OCL,FSRCNN_x4.pb,960,540,idle,471.785,478.688,522.461,474.659,2.12,,NO,NO
dGPU_OCL,FSRCNN_x2.pb,128,72,idle,7.224,7.855,8.05,7.281,138.43,,SI,SI
dGPU_OCL,FSRCNN_x2.pb,256,144,idle,25.33,27.081,28.947,25.58,39.48,,SI,NO
dGPU_OCL,FSRCNN_x2.pb,320,180,idle,39.116,40.669,41.258,39.28,25.56,,NO,NO
dGPU_OCL,FSRCNN_x2.pb,480,270,idle,91.168,106.009,119.163,93.899,10.97,,NO,NO
dGPU_OCL,FSRCNN_x2.pb,640,360,idle,150.928,160.755,189.349,154.339,6.63,,NO,NO
dGPU_OCL,FSRCNN_x2.pb,640,480,idle,199.322,206.4,247.536,202.332,5.02,,NO,NO
dGPU_OCL,FSRCNN_x2.pb,800,600,idle,328.182,336.365,339.862,328.312,3.05,,NO,NO
dGPU_OCL,FSRCNN_x2.pb,960,540,idle,357.071,371.295,406.73,361.034,2.8,,NO,NO
dGPU_OCL,FSRCNN_x2.pb,1280,720,idle,628.733,658.688,706.411,635.899,1.59,,NO,NO
dGPU_OCL,FSRCNN_x2.pb,1920,1080,idle,1398.973,1439.518,1453.749,1404.444,0.71,,NO,NO
dGPU_OCL,FSRCNN_x3.pb,128,72,idle,7.069,9.25,10.806,7.748,141.46,,SI,SI
dGPU_OCL,FSRCNN_x3.pb,256,144,idle,26.479,27.446,27.52,26.322,37.77,,SI,NO
dGPU_OCL,FSRCNN_x3.pb,320,180,idle,41.572,46.759,53.928,42.387,24.05,,NO,NO
dGPU_OCL,FSRCNN_x3.pb,480,270,idle,87.356,94.261,96.865,88.964,11.45,,NO,NO
dGPU_OCL,FSRCNN_x3.pb,640,360,idle,162.368,175.898,181.776,165.363,6.16,,NO,NO
dGPU_OCL,FSRCNN_x3.pb,640,480,idle,232.942,290.28,307.101,245.038,4.29,,NO,NO
dGPU_OCL,FSRCNN_x3.pb,800,600,idle,370.993,383.466,423.684,375.809,2.7,,NO,NO
dGPU_OCL,FSRCNN_x3.pb,960,540,idle,403.837,417.717,476.937,407.073,2.48,,NO,NO
dGPU_OCL,FSRCNN_x3.pb,1280,720,idle,722.78,818.112,933.817,740.44,1.38,,NO,NO
dGPU_OCL,FSRCNN_x4.pb,128,72,idle,8.089,8.701,8.778,8.062,123.63,,SI,SI
dGPU_OCL,FSRCNN_x4.pb,256,144,idle,25.855,26.173,26.398,25.85,38.68,,SI,NO
dGPU_OCL,FSRCNN_x4.pb,320,180,idle,40.189,42.554,43.1,40.671,24.88,,NO,NO
dGPU_OCL,FSRCNN_x4.pb,480,270,idle,91.598,99.217,100.585,93.348,10.92,,NO,NO
dGPU_OCL,FSRCNN_x4.pb,640,360,idle,182.859,197.617,199.959,185.142,5.47,,NO,NO
dGPU_OCL,FSRCNN_x4.pb,640,480,idle,240.386,266.698,302.466,247.815,4.16,,NO,NO
dGPU_OCL,FSRCNN_x4.pb,800,600,idle,377.897,384.472,425.167,381.059,2.65,,NO,NO
dGPU_OCL,FSRCNN_x4.pb,960,540,idle,408.354,425.763,512.55,413.604,2.45,,NO,NO
CPU_OV,super-resolution-10.onnx,224,224,idle,11.371,11.609,12.516,11.449,87.94,,SI,SI
iGPU_OV,super-resolution-10.onnx,224,224,idle,2.979,3.068,3.438,3.011,335.73,,SI,SI
dGPU_CUDA,super-resolution-10.onnx,224,224,idle,1.117,1.275,1.488,1.143,894.94,,SI,SI
CPU_OV,RealESRGAN_x4.onnx,224,224,idle,11.284,11.635,12.965,11.399,88.62,,SI,SI
iGPU_OV,RealESRGAN_x4.onnx,224,224,idle,2.987,3.051,3.516,3.016,334.74,,SI,SI
dGPU_CUDA,RealESRGAN_x4.onnx,224,224,idle,1.014,1.086,1.407,1.034,985.95,,SI,SI
CPU_OV,single-image-super-resolution-1032.xml,480,270,idle,63.848,65.664,69.747,64.265,15.66,,NO,NO
iGPU_OV,single-image-super-resolution-1032.xml,480,270,idle,34.324,35.137,38.858,34.635,29.13,,NO,NO
CPU_OCV,FSRCNN_x2.pb,128,72,cpu,2.458,3.049,4.309,2.542,406.83,62.24,SI,SI
CPU_OCV,FSRCNN_x2.pb,256,144,cpu,12.523,13.934,16.024,12.637,79.85,44.59,SI,SI
CPU_OCV,FSRCNN_x2.pb,320,180,cpu,25.27,26.564,27.109,25.087,39.57,41.25,SI,NO
CPU_OCV,FSRCNN_x2.pb,480,270,cpu,69.294,86.0,177.07,78.904,14.43,14.85,NO,NO
CPU_OCV,FSRCNN_x2.pb,640,360,cpu,164.683,191.848,273.882,174.52,6.07,-10.77,NO,NO
CPU_OCV,FSRCNN_x2.pb,640,480,cpu,223.773,241.592,310.811,226.683,4.47,-11.91,NO,NO
CPU_OCV,FSRCNN_x2.pb,800,600,cpu,345.588,374.017,432.597,352.741,2.89,-16.34,NO,NO
CPU_OCV,FSRCNN_x2.pb,960,540,cpu,372.73,386.457,431.24,375.025,2.68,-17.49,NO,NO
CPU_OCV,FSRCNN_x2.pb,1280,720,cpu,814.46,1007.304,1071.826,842.987,1.23,-18.39,NO,NO
CPU_OCV,FSRCNN_x2.pb,1920,1080,cpu,1741.579,1956.008,2041.339,1779.298,0.57,-22.61,NO,NO
CPU_OCV,FSRCNN_x3.pb,128,72,cpu,2.009,3.07,3.533,2.22,497.7,19.8,SI,SI
CPU_OCV,FSRCNN_x3.pb,256,144,cpu,9.635,12.13,13.801,9.839,103.79,10.79,SI,SI
CPU_OCV,FSRCNN_x3.pb,320,180,cpu,19.429,23.349,24.215,20.312,51.47,6.76,SI,NO
CPU_OCV,FSRCNN_x3.pb,480,270,cpu,63.015,68.447,77.74,64.117,15.87,3.77,NO,NO
CPU_OCV,FSRCNN_x3.pb,640,360,cpu,144.321,244.271,260.53,159.347,6.93,10.85,NO,NO
CPU_OCV,FSRCNN_x3.pb,640,480,cpu,199.989,286.462,323.886,216.109,5.0,11.45,NO,NO
CPU_OCV,FSRCNN_x3.pb,800,600,cpu,370.638,392.736,420.437,375.376,2.7,-14.86,NO,NO
CPU_OCV,FSRCNN_x3.pb,960,540,cpu,401.068,511.671,1060.852,449.394,2.49,-14.9,NO,NO
CPU_OCV,FSRCNN_x3.pb,1280,720,cpu,719.916,778.415,1400.243,771.922,1.39,-16.09,NO,NO
CPU_OCV,FSRCNN_x4.pb,128,72,cpu,2.681,4.29,4.917,3.064,372.99,35.95,SI,SI
CPU_OCV,FSRCNN_x4.pb,256,144,cpu,16.423,16.958,19.795,16.348,60.89,57.49,SI,SI
CPU_OCV,FSRCNN_x4.pb,320,180,cpu,33.24,318.144,460.852,108.653,30.08,62.62,SI,NO
CPU_OCV,FSRCNN_x4.pb,480,270,cpu,71.606,79.172,84.497,73.028,13.97,10.69,NO,NO
CPU_OCV,FSRCNN_x4.pb,640,360,cpu,163.747,310.474,828.609,240.769,6.11,10.51,NO,NO
CPU_OCV,FSRCNN_x4.pb,640,480,cpu,235.087,371.402,917.919,309.179,4.25,15.2,NO,NO
CPU_OCV,FSRCNN_x4.pb,800,600,cpu,352.473,458.167,1006.95,408.323,2.84,5.29,NO,NO
CPU_OCV,FSRCNN_x4.pb,960,540,cpu,387.886,506.003,1469.065,472.548,2.58,6.05,NO,NO
iGPU_OCL,FSRCNN_x2.pb,128,72,cpu,11.167,12.864,14.147,11.37,89.55,6.26,SI,SI
iGPU_OCL,FSRCNN_x2.pb,256,144,cpu,31.352,33.33,35.52,31.97,31.9,-8.52,SI,NO
iGPU_OCL,FSRCNN_x2.pb,320,180,cpu,44.632,46.451,47.579,45.001,22.41,-7.74,NO,NO
iGPU_OCL,FSRCNN_x2.pb,480,270,cpu,95.181,97.659,98.031,95.705,10.51,-7.64,NO,NO
iGPU_OCL,FSRCNN_x2.pb,640,360,cpu,167.267,172.008,199.251,169.469,5.98,-9.27,NO,NO
iGPU_OCL,FSRCNN_x2.pb,640,480,cpu,221.642,224.167,227.625,221.944,4.51,-10.53,NO,NO
iGPU_OCL,FSRCNN_x2.pb,800,600,cpu,350.384,388.697,787.641,384.29,2.85,-10.05,NO,NO
iGPU_OCL,FSRCNN_x2.pb,960,540,cpu,380.606,435.458,694.142,412.32,2.63,-5.79,NO,NO
iGPU_OCL,FSRCNN_x2.pb,1280,720,cpu,690.917,837.331,1517.545,754.401,1.45,-2.49,NO,NO
iGPU_OCL,FSRCNN_x2.pb,1920,1080,cpu,1583.691,1828.243,2551.592,1681.218,0.63,-1.66,NO,NO
iGPU_OCL,FSRCNN_x3.pb,128,72,cpu,11.563,13.203,14.525,11.798,86.48,8.63,SI,SI
iGPU_OCL,FSRCNN_x3.pb,256,144,cpu,33.778,35.521,36.281,34.008,29.61,-0.42,NO,NO
iGPU_OCL,FSRCNN_x3.pb,320,180,cpu,48.959,50.056,51.784,49.105,20.43,1.92,NO,NO
iGPU_OCL,FSRCNN_x3.pb,480,270,cpu,101.612,265.828,423.631,141.013,9.84,-1.67,NO,NO
iGPU_OCL,FSRCNN_x3.pb,640,360,cpu,176.255,178.15,185.554,176.657,5.67,-10.44,NO,NO
iGPU_OCL,FSRCNN_x3.pb,640,480,cpu,232.251,414.015,650.768,275.734,4.31,-8.06,NO,NO
iGPU_OCL,FSRCNN_x3.pb,800,600,cpu,377.486,383.033,813.112,402.961,2.65,-7.58,NO,NO
iGPU_OCL,FSRCNN_x3.pb,960,540,cpu,409.273,425.414,904.071,437.412,2.44,-1.71,NO,NO
iGPU_OCL,FSRCNN_x3.pb,1280,720,cpu,738.246,808.832,1504.34,795.173,1.35,-5.8,NO,NO
iGPU_OCL,FSRCNN_x4.pb,128,72,cpu,11.696,13.144,13.884,11.816,85.5,2.53,SI,SI
iGPU_OCL,FSRCNN_x4.pb,256,144,cpu,35.9,38.131,38.717,36.117,27.86,-2.69,NO,NO
iGPU_OCL,FSRCNN_x4.pb,320,180,cpu,49.942,65.081,191.926,60.951,20.02,-6.22,NO,NO
iGPU_OCL,FSRCNN_x4.pb,480,270,cpu,105.492,107.145,115.78,106.043,9.48,-6.52,NO,NO
iGPU_OCL,FSRCNN_x4.pb,640,360,cpu,203.429,207.448,213.206,203.983,4.92,-3.3,NO,NO
iGPU_OCL,FSRCNN_x4.pb,640,480,cpu,271.681,305.064,524.879,289.797,3.68,-8.36,NO,NO
iGPU_OCL,FSRCNN_x4.pb,800,600,cpu,417.303,426.257,1152.228,458.615,2.4,-6.77,NO,NO
iGPU_OCL,FSRCNN_x4.pb,960,540,cpu,448.887,477.775,1056.595,487.15,2.23,-4.85,NO,NO
dGPU_OCL,FSRCNN_x2.pb,128,72,cpu,6.949,7.224,7.307,6.97,143.9,-3.81,SI,SI
dGPU_OCL,FSRCNN_x2.pb,256,144,cpu,23.802,24.341,24.528,23.782,42.01,-6.03,SI,NO
dGPU_OCL,FSRCNN_x2.pb,320,180,cpu,112.145,159.611,166.691,98.385,8.92,186.7,NO,NO
dGPU_OCL,FSRCNN_x2.pb,480,270,cpu,81.192,81.947,82.829,81.319,12.32,-10.94,NO,NO
dGPU_OCL,FSRCNN_x2.pb,640,360,cpu,148.282,152.652,153.232,147.635,6.74,-1.75,NO,NO
dGPU_OCL,FSRCNN_x2.pb,640,480,cpu,198.583,285.223,979.215,264.955,5.04,-0.37,NO,NO
dGPU_OCL,FSRCNN_x2.pb,800,600,cpu,311.448,815.922,1330.606,420.408,3.21,-5.1,NO,NO
dGPU_OCL,FSRCNN_x2.pb,960,540,cpu,332.54,805.278,1423.036,459.565,3.01,-6.87,NO,NO
dGPU_OCL,FSRCNN_x2.pb,1280,720,cpu,586.758,1595.056,2073.086,799.883,1.7,-6.68,NO,NO
dGPU_OCL,FSRCNN_x2.pb,1920,1080,cpu,1344.45,3150.905,3523.4,1755.348,0.74,-3.9,NO,NO
dGPU_OCL,FSRCNN_x3.pb,128,72,cpu,7.317,7.61,7.881,7.362,136.66,3.51,SI,SI
dGPU_OCL,FSRCNN_x3.pb,256,144,cpu,24.506,25.001,27.346,24.58,40.81,-7.45,SI,NO
dGPU_OCL,FSRCNN_x3.pb,320,180,cpu,37.773,38.381,38.574,37.789,26.47,-9.14,NO,NO
dGPU_OCL,FSRCNN_x3.pb,480,270,cpu,85.284,378.996,434.683,165.663,11.73,-2.37,NO,NO
dGPU_OCL,FSRCNN_x3.pb,640,360,cpu,149.175,538.652,687.829,220.329,6.7,-8.13,NO,NO
dGPU_OCL,FSRCNN_x3.pb,640,480,cpu,212.893,245.924,989.083,264.188,4.7,-8.61,NO,NO
dGPU_OCL,FSRCNN_x3.pb,800,600,cpu,327.047,770.368,1987.479,459.998,3.06,-11.85,NO,NO
dGPU_OCL,FSRCNN_x3.pb,960,540,cpu,356.148,1152.682,1677.445,494.542,2.81,-11.81,NO,NO
dGPU_OCL,FSRCNN_x3.pb,1280,720,cpu,647.988,1981.902,2395.344,880.375,1.54,-10.35,NO,NO
dGPU_OCL,FSRCNN_x4.pb,128,72,cpu,8.43,9.497,10.885,8.618,118.62,4.22,SI,SI
dGPU_OCL,FSRCNN_x4.pb,256,144,cpu,26.52,29.376,29.821,26.83,37.71,2.57,SI,NO
dGPU_OCL,FSRCNN_x4.pb,320,180,cpu,41.037,41.855,45.113,41.354,24.37,2.11,NO,NO
dGPU_OCL,FSRCNN_x4.pb,480,270,cpu,91.445,93.077,98.94,91.912,10.94,-0.17,NO,NO
dGPU_OCL,FSRCNN_x4.pb,640,360,cpu,174.182,240.785,989.479,247.067,5.74,-4.75,NO,NO
dGPU_OCL,FSRCNN_x4.pb,640,480,cpu,230.788,592.838,1339.233,343.033,4.33,-3.99,NO,NO
dGPU_OCL,FSRCNN_x4.pb,800,600,cpu,364.284,1272.38,1764.659,517.3,2.75,-3.6,NO,NO
dGPU_OCL,FSRCNN_x4.pb,960,540,cpu,388.354,1081.73,2318.723,591.635,2.57,-4.9,NO,NO
CPU_OV,super-resolution-10.onnx,224,224,cpu,17.919,21.716,26.856,18.393,55.81,57.59,SI,NO
iGPU_OV,super-resolution-10.onnx,224,224,cpu,3.329,3.382,3.863,3.359,300.41,11.75,SI,SI
dGPU_CUDA,super-resolution-10.onnx,224,224,cpu,0.984,1.008,1.321,1.002,1016.08,-11.91,SI,SI
CPU_OV,RealESRGAN_x4.onnx,224,224,cpu,17.42,22.126,231.937,27.641,57.41,54.38,SI,NO
iGPU_OV,RealESRGAN_x4.onnx,224,224,cpu,3.285,3.309,3.53,3.281,304.38,9.98,SI,SI
dGPU_CUDA,RealESRGAN_x4.onnx,224,224,cpu,0.969,0.986,1.381,0.992,1032.17,-4.44,SI,SI
CPU_OV,single-image-super-resolution-1032.xml,480,270,cpu,87.888,93.124,172.631,90.638,11.38,37.65,NO,NO
iGPU_OV,single-image-super-resolution-1032.xml,480,270,cpu,34.604,36.357,40.262,35.126,28.9,0.82,NO,NO
CPU_OCV,FSRCNN_x2.pb,128,72,igpu,1.479,1.955,2.221,1.604,676.08,-2.38,SI,SI
CPU_OCV,FSRCNN_x2.pb,256,144,igpu,6.339,6.843,8.781,6.463,157.75,-26.81,SI,SI
CPU_OCV,FSRCNN_x2.pb,320,180,igpu,14.178,15.298,17.403,14.423,70.53,-20.75,SI,SI
CPU_OCV,FSRCNN_x2.pb,480,270,igpu,61.226,79.576,95.526,63.167,16.33,1.48,NO,NO
CPU_OCV,FSRCNN_x2.pb,640,360,igpu,172.637,174.725,176.403,172.477,5.79,-6.46,NO,NO
CPU_OCV,FSRCNN_x2.pb,640,480,igpu,244.027,257.96,262.695,245.849,4.1,-3.94,NO,NO
CPU_OCV,FSRCNN_x2.pb,800,600,igpu,384.92,420.947,491.8,393.272,2.6,-6.82,NO,NO
CPU_OCV,FSRCNN_x2.pb,128,72,igpu,1.481,1.673,2.716,1.563,675.26,-2.24,SI,SI
CPU_OCV,FSRCNN_x2.pb,256,144,igpu,6.987,7.371,9.207,7.047,143.12,-19.33,SI,SI
CPU_OCV,FSRCNN_x2.pb,320,180,igpu,15.424,16.185,17.931,15.495,64.83,-13.78,SI,SI
CPU_OCV,FSRCNN_x2.pb,480,270,igpu,52.762,54.761,63.769,53.527,18.95,-12.55,NO,NO
CPU_OCV,FSRCNN_x2.pb,640,360,igpu,176.355,182.684,190.979,177.875,5.67,-4.44,NO,NO
CPU_OCV,FSRCNN_x2.pb,640,480,igpu,243.755,247.815,265.696,244.683,4.1,-4.05,NO,NO
CPU_OCV,FSRCNN_x2.pb,800,600,igpu,394.659,401.286,481.553,399.272,2.53,-4.46,NO,NO
CPU_OCV,FSRCNN_x2.pb,960,540,igpu,428.273,432.121,513.951,432.311,2.33,-5.2,NO,NO
CPU_OCV,FSRCNN_x2.pb,1280,720,igpu,971.816,977.381,997.746,972.522,1.03,-2.63,NO,NO
CPU_OCV,FSRCNN_x2.pb,1920,1080,igpu,2182.154,2192.716,2243.268,2183.968,0.46,-3.03,NO,NO
CPU_OCV,FSRCNN_x3.pb,128,72,igpu,1.61,1.719,1.792,1.613,620.93,-4.0,SI,SI
CPU_OCV,FSRCNN_x3.pb,256,144,igpu,7.121,7.887,8.079,7.232,140.43,-18.12,SI,SI
CPU_OCV,FSRCNN_x3.pb,320,180,igpu,15.694,16.58,17.049,15.827,63.72,-13.76,SI,SI
CPU_OCV,FSRCNN_x3.pb,480,270,igpu,54.69,55.815,56.393,54.698,18.29,-9.94,NO,NO
CPU_OCV,FSRCNN_x3.pb,640,360,igpu,115.897,117.179,175.25,118.616,8.63,-10.98,NO,NO
CPU_OCV,FSRCNN_x3.pb,640,480,igpu,161.74,169.545,247.542,166.634,6.18,-9.86,NO,NO
CPU_OCV,FSRCNN_x3.pb,800,600,igpu,417.785,422.603,505.593,421.768,2.39,-4.03,NO,NO
CPU_OCV,FSRCNN_x3.pb,960,540,igpu,451.889,464.669,549.984,458.045,2.21,-4.12,NO,NO
CPU_OCV,FSRCNN_x2.pb,128,72,igpu,1.483,1.638,2.632,1.564,674.44,-2.11,SI,SI
CPU_OCV,FSRCNN_x2.pb,256,144,igpu,8.428,8.983,10.917,8.453,118.66,-2.69,SI,SI
CPU_OCV,FSRCNN_x2.pb,320,180,igpu,17.248,18.589,20.058,17.407,57.98,-3.59,SI,NO
CPU_OCV,FSRCNN_x2.pb,480,270,igpu,60.176,63.801,66.492,60.689,16.62,-0.26,NO,NO
CPU_OCV,FSRCNN_x2.pb,640,360,igpu,183.451,189.751,195.385,184.284,5.45,-0.6,NO,NO
CPU_OCV,FSRCNN_x2.pb,640,480,igpu,256.608,263.993,267.749,257.893,3.9,1.01,NO,NO
CPU_OCV,FSRCNN_x2.pb,800,600,igpu,415.278,425.418,499.794,419.955,2.41,0.53,NO,NO
CPU_OCV,FSRCNN_x2.pb,960,540,igpu,449.109,471.828,532.976,454.97,2.23,-0.58,NO,NO
CPU_OCV,FSRCNN_x2.pb,1280,720,igpu,1001.587,1005.726,1028.529,1000.951,1.0,0.36,NO,NO
CPU_OCV,FSRCNN_x2.pb,1920,1080,igpu,2244.348,2271.35,2326.32,2247.965,0.45,-0.27,NO,NO
CPU_OCV,FSRCNN_x3.pb,128,72,igpu,1.696,2.157,3.768,1.863,589.55,1.13,SI,SI
CPU_OCV,FSRCNN_x3.pb,256,144,igpu,8.123,8.913,9.368,8.211,123.1,-6.6,SI,SI
CPU_OCV,FSRCNN_x3.pb,320,180,igpu,17.906,20.021,21.694,18.196,55.85,-1.6,SI,NO
CPU_OCV,FSRCNN_x3.pb,480,270,igpu,61.874,67.521,82.661,63.239,16.16,1.9,NO,NO
CPU_OCV,FSRCNN_x3.pb,640,360,igpu,130.395,136.263,187.817,133.384,7.67,0.15,NO,NO
CPU_OCV,FSRCNN_x3.pb,640,480,igpu,180.626,189.626,261.174,185.165,5.54,0.66,NO,NO
CPU_OCV,FSRCNN_x3.pb,800,600,igpu,439.03,445.065,523.23,443.342,2.28,0.85,NO,NO
CPU_OCV,FSRCNN_x3.pb,960,540,igpu,472.883,479.501,561.095,476.475,2.11,0.33,NO,NO
CPU_OCV,FSRCNN_x3.pb,1280,720,igpu,857.841,878.788,1024.303,867.156,1.17,-0.02,NO,NO
CPU_OCV,FSRCNN_x4.pb,128,72,igpu,1.873,2.157,4.498,2.033,533.92,-5.02,SI,SI
CPU_OCV,FSRCNN_x4.pb,256,144,igpu,10.457,11.482,15.977,10.865,95.63,0.28,SI,SI
CPU_OCV,FSRCNN_x4.pb,320,180,igpu,20.147,21.334,27.227,20.509,49.63,-1.43,SI,NO
CPU_OCV,FSRCNN_x4.pb,480,270,igpu,66.952,72.089,91.188,68.711,14.94,3.49,NO,NO
CPU_OCV,FSRCNN_x4.pb,640,360,igpu,149.34,159.26,208.998,153.087,6.7,0.78,NO,NO
CPU_OCV,FSRCNN_x4.pb,640,480,igpu,205.654,213.117,282.138,209.405,4.86,0.77,NO,NO
CPU_OCV,FSRCNN_x4.pb,960,540,igpu,371.184,386.947,569.725,381.335,2.69,1.48,NO,NO
iGPU_OCL,FSRCNN_x2.pb,128,72,igpu,10.576,11.406,11.895,10.686,94.55,0.64,SI,SI
iGPU_OCL,FSRCNN_x2.pb,256,144,igpu,33.639,36.332,46.124,34.489,29.73,-1.84,NO,NO
iGPU_OCL,FSRCNN_x2.pb,320,180,igpu,52.811,55.798,59.003,52.515,18.94,9.17,NO,NO
iGPU_OCL,FSRCNN_x2.pb,480,270,igpu,105.035,120.089,125.875,108.407,9.52,1.92,NO,NO
iGPU_OCL,FSRCNN_x2.pb,640,360,igpu,183.825,189.31,197.309,184.121,5.44,-0.28,NO,NO
iGPU_OCL,FSRCNN_x2.pb,640,480,igpu,235.726,244.048,255.383,237.528,4.24,-4.85,NO,NO
iGPU_OCL,FSRCNN_x2.pb,800,600,igpu,368.08,377.556,403.98,370.49,2.72,-5.51,NO,NO
iGPU_OCL,FSRCNN_x2.pb,960,540,igpu,402.768,431.36,467.203,409.278,2.48,-0.31,NO,NO
iGPU_OCL,FSRCNN_x2.pb,1280,720,igpu,757.735,778.338,795.855,754.017,1.32,6.94,NO,NO
iGPU_OCL,FSRCNN_x2.pb,1920,1080,igpu,1619.186,1670.389,1697.513,1624.281,0.62,0.55,NO,NO
iGPU_OCL,FSRCNN_x3.pb,128,72,igpu,10.121,10.377,10.82,10.165,98.8,-4.91,SI,SI
iGPU_OCL,FSRCNN_x3.pb,256,144,igpu,35.025,37.54,46.085,35.803,28.55,3.26,NO,NO
iGPU_OCL,FSRCNN_x3.pb,320,180,igpu,49.859,52.812,53.986,50.248,20.06,3.79,NO,NO
iGPU_OCL,FSRCNN_x3.pb,480,270,igpu,104.92,108.115,114.647,105.808,9.53,1.54,NO,NO
iGPU_OCL,FSRCNN_x3.pb,640,360,igpu,185.148,196.518,204.81,187.343,5.4,-5.92,NO,NO
iGPU_OCL,FSRCNN_x3.pb,640,480,igpu,239.725,243.4,253.912,240.739,4.17,-5.1,NO,NO
iGPU_OCL,FSRCNN_x3.pb,800,600,igpu,386.539,391.853,406.216,387.779,2.59,-5.36,NO,NO
iGPU_OCL,FSRCNN_x3.pb,960,540,igpu,428.209,433.526,454.144,428.931,2.34,2.83,NO,NO
iGPU_OCL,FSRCNN_x3.pb,1280,720,igpu,741.08,748.542,759.818,742.365,1.35,-5.43,NO,NO
iGPU_OCL,FSRCNN_x4.pb,128,72,igpu,11.148,11.99,12.287,11.087,89.7,-2.27,SI,SI
iGPU_OCL,FSRCNN_x4.pb,256,144,igpu,36.379,44.007,46.628,38.169,27.49,-1.39,NO,NO
iGPU_OCL,FSRCNN_x4.pb,320,180,igpu,51.076,52.549,57.88,51.483,19.58,-4.09,NO,NO
iGPU_OCL,FSRCNN_x4.pb,480,270,igpu,107.75,112.746,117.682,108.612,9.28,-4.52,NO,NO
iGPU_OCL,FSRCNN_x4.pb,640,360,igpu,204.18,208.968,212.639,205.09,4.9,-2.94,NO,NO
iGPU_OCL,FSRCNN_x4.pb,640,480,igpu,269.246,276.834,290.064,270.754,3.71,-9.18,NO,NO
iGPU_OCL,FSRCNN_x4.pb,960,540,igpu,446.999,460.598,463.906,448.58,2.24,-5.25,NO,NO
dGPU_OCL,FSRCNN_x2.pb,128,72,igpu,7.109,7.367,7.907,7.105,140.66,-1.59,SI,SI
dGPU_OCL,FSRCNN_x2.pb,256,144,igpu,24.005,26.272,27.076,24.4,41.66,-5.23,SI,NO
dGPU_OCL,FSRCNN_x2.pb,320,180,igpu,37.882,39.392,41.493,38.178,26.4,-3.15,NO,NO
dGPU_OCL,FSRCNN_x2.pb,480,270,igpu,84.64,85.909,88.129,84.774,11.81,-7.16,NO,NO
dGPU_OCL,FSRCNN_x2.pb,640,360,igpu,158.224,164.882,173.366,159.571,6.32,4.83,NO,NO
dGPU_OCL,FSRCNN_x2.pb,640,480,igpu,210.196,214.227,219.642,210.77,4.76,5.46,NO,NO
dGPU_OCL,FSRCNN_x2.pb,800,600,igpu,326.909,332.087,339.081,327.308,3.06,-0.39,NO,NO
dGPU_OCL,FSRCNN_x2.pb,960,540,igpu,358.421,364.201,384.504,359.474,2.79,0.38,NO,NO
dGPU_OCL,FSRCNN_x2.pb,1280,720,igpu,646.902,659.629,679.507,649.769,1.55,2.89,NO,NO
dGPU_OCL,FSRCNN_x2.pb,1920,1080,igpu,1469.196,1492.645,1554.417,1475.535,0.68,5.02,NO,NO
dGPU_OCL,FSRCNN_x3.pb,128,72,igpu,7.418,7.769,8.145,7.444,134.81,4.94,SI,SI
dGPU_OCL,FSRCNN_x3.pb,256,144,igpu,25.627,26.984,27.974,25.855,39.02,-3.22,SI,NO
dGPU_OCL,FSRCNN_x3.pb,320,180,igpu,40.498,41.67,42.583,40.448,24.69,-2.58,NO,NO
dGPU_OCL,FSRCNN_x3.pb,480,270,igpu,89.63,92.75,98.713,90.209,11.16,2.6,NO,NO
dGPU_OCL,FSRCNN_x3.pb,640,360,igpu,165.216,172.883,191.176,167.465,6.05,1.75,NO,NO
dGPU_OCL,FSRCNN_x3.pb,640,480,igpu,218.41,222.238,235.3,219.443,4.58,-6.24,NO,NO
dGPU_OCL,FSRCNN_x3.pb,800,600,igpu,358.119,361.715,368.303,358.595,2.79,-3.47,NO,NO
dGPU_OCL,FSRCNN_x3.pb,960,540,igpu,400.24,412.222,430.081,402.953,2.5,-0.89,NO,NO
dGPU_OCL,FSRCNN_x3.pb,1280,720,igpu,689.27,706.492,724.27,692.788,1.45,-4.64,NO,NO
dGPU_OCL,FSRCNN_x4.pb,128,72,igpu,7.967,8.383,8.749,7.974,125.52,-1.51,SI,SI
dGPU_OCL,FSRCNN_x4.pb,256,144,igpu,27.16,28.478,30.105,27.383,36.82,5.05,SI,NO
dGPU_OCL,FSRCNN_x4.pb,320,180,igpu,42.372,43.642,46.693,42.714,23.6,5.43,NO,NO
dGPU_OCL,FSRCNN_x4.pb,480,270,igpu,94.727,98.16,103.023,95.38,10.56,3.42,NO,NO
dGPU_OCL,FSRCNN_x4.pb,640,360,igpu,187.03,189.84,195.453,187.534,5.35,2.28,NO,NO
dGPU_OCL,FSRCNN_x4.pb,640,480,igpu,248.225,263.411,291.543,252.876,4.03,3.26,NO,NO
dGPU_OCL,FSRCNN_x4.pb,960,540,igpu,441.074,459.505,552.345,447.703,2.27,8.01,NO,NO
CPU_OV,super-resolution-10.onnx,224,224,igpu,11.506,11.89,12.06,11.551,86.91,1.19,SI,SI
iGPU_OV,super-resolution-10.onnx,224,224,igpu,3.008,4.086,4.984,3.306,332.4,0.97,SI,SI
dGPU_CUDA,super-resolution-10.onnx,224,224,igpu,1.003,1.048,1.367,1.024,996.83,-10.21,SI,SI
CPU_OV,RealESRGAN_x4.onnx,224,224,igpu,11.458,11.789,12.1,11.497,87.28,1.54,SI,SI
iGPU_OV,RealESRGAN_x4.onnx,224,224,igpu,2.982,3.177,3.862,3.061,335.32,-0.17,SI,SI
dGPU_CUDA,RealESRGAN_x4.onnx,224,224,igpu,1.032,1.121,1.415,1.052,969.06,1.78,SI,SI
CPU_OV,single-image-super-resolution-1032.xml,480,270,igpu,66.526,68.019,70.322,66.209,15.03,4.19,NO,NO
iGPU_OV,single-image-super-resolution-1032.xml,480,270,igpu,35.203,36.067,40.192,35.507,28.41,2.56,NO,NO
CPU_OCV,FSRCNN_x2.pb,128,72,dgpu,1.565,1.955,2.159,1.631,638.9,3.3,SI,SI
CPU_OCV,FSRCNN_x2.pb,256,144,dgpu,10.354,11.517,12.182,10.179,96.59,19.55,SI,SI
CPU_OCV,FSRCNN_x2.pb,320,180,dgpu,21.284,23.643,27.766,21.725,46.98,18.97,SI,NO
CPU_OCV,FSRCNN_x2.pb,480,270,dgpu,68.423,72.451,75.396,68.941,14.61,13.41,NO,NO
CPU_OCV,FSRCNN_x2.pb,640,360,dgpu,195.628,199.172,203.3,195.581,5.11,6.0,NO,NO
CPU_OCV,FSRCNN_x2.pb,640,480,dgpu,268.566,271.268,272.376,268.098,3.72,5.72,NO,NO
CPU_OCV,FSRCNN_x2.pb,800,600,dgpu,435.078,443.24,533.667,441.221,2.3,5.32,NO,NO
CPU_OCV,FSRCNN_x2.pb,960,540,dgpu,471.199,474.212,577.705,474.903,2.12,4.31,NO,NO
CPU_OCV,FSRCNN_x2.pb,1280,720,dgpu,1048.801,1058.932,1084.185,1050.019,0.95,5.09,NO,NO
CPU_OCV,FSRCNN_x2.pb,1920,1080,dgpu,2363.476,2384.825,2426.835,2362.4,0.42,5.03,NO,NO
CPU_OCV,FSRCNN_x3.pb,128,72,dgpu,1.671,1.799,2.032,1.693,598.6,-0.36,SI,SI
CPU_OCV,FSRCNN_x3.pb,256,144,dgpu,9.311,10.221,10.71,9.361,107.4,7.06,SI,SI
CPU_OCV,FSRCNN_x3.pb,320,180,dgpu,20.09,22.586,23.305,20.153,49.78,10.4,SI,NO
CPU_OCV,FSRCNN_x3.pb,480,270,dgpu,68.868,70.021,71.998,68.823,14.52,13.41,NO,NO
CPU_OCV,FSRCNN_x3.pb,640,360,dgpu,142.275,164.907,215.132,149.095,7.03,9.28,NO,NO
CPU_OCV,FSRCNN_x3.pb,640,480,dgpu,198.672,203.638,291.793,203.599,5.03,10.72,NO,NO
CPU_OCV,FSRCNN_x3.pb,800,600,dgpu,461.231,470.769,549.655,465.635,2.17,5.95,NO,NO
CPU_OCV,FSRCNN_x3.pb,960,540,dgpu,495.505,501.485,596.492,500.186,2.02,5.13,NO,NO
CPU_OCV,FSRCNN_x3.pb,1280,720,dgpu,891.42,903.279,1052.028,898.43,1.12,3.9,NO,NO
CPU_OCV,FSRCNN_x4.pb,128,72,dgpu,1.886,2.331,3.456,2.014,530.3,-4.36,SI,SI
CPU_OCV,FSRCNN_x4.pb,256,144,dgpu,11.373,13.251,17.631,11.877,87.92,9.06,SI,SI
CPU_OCV,FSRCNN_x4.pb,320,180,dgpu,22.787,27.353,32.945,23.709,43.88,11.48,SI,NO
CPU_OCV,FSRCNN_x4.pb,480,270,dgpu,72.805,75.311,118.449,75.268,13.74,12.54,NO,NO
CPU_OCV,FSRCNN_x4.pb,640,360,dgpu,161.718,166.61,216.19,165.022,6.18,9.14,NO,NO
CPU_OCV,FSRCNN_x4.pb,640,480,dgpu,226.271,239.311,305.979,231.616,4.42,10.88,NO,NO
CPU_OCV,FSRCNN_x4.pb,960,540,dgpu,396.058,430.255,589.37,409.408,2.52,8.28,NO,NO
iGPU_OCL,FSRCNN_x2.pb,128,72,dgpu,12.027,16.164,16.505,12.828,83.15,14.44,SI,SI
iGPU_OCL,FSRCNN_x2.pb,256,144,dgpu,36.593,38.356,41.054,37.12,27.33,6.78,NO,NO
iGPU_OCL,FSRCNN_x2.pb,320,180,dgpu,53.284,54.158,55.047,53.132,18.77,10.15,NO,NO
iGPU_OCL,FSRCNN_x2.pb,480,270,dgpu,113.479,115.299,117.601,113.675,8.81,10.12,NO,NO
iGPU_OCL,FSRCNN_x2.pb,640,360,dgpu,201.881,216.897,232.932,205.479,4.95,9.51,NO,NO
iGPU_OCL,FSRCNN_x2.pb,640,480,dgpu,263.381,267.613,272.43,264.164,3.8,6.31,NO,NO
iGPU_OCL,FSRCNN_x2.pb,800,600,dgpu,409.881,432.517,442.47,414.645,2.44,5.23,NO,NO
iGPU_OCL,FSRCNN_x2.pb,960,540,dgpu,438.675,441.755,451.051,438.869,2.28,8.58,NO,NO
iGPU_OCL,FSRCNN_x2.pb,1280,720,dgpu,795.219,854.891,878.442,813.261,1.26,12.23,NO,NO
iGPU_OCL,FSRCNN_x2.pb,1920,1080,dgpu,1756.293,1777.589,1799.516,1760.406,0.57,9.06,NO,NO
iGPU_OCL,FSRCNN_x3.pb,128,72,dgpu,11.467,12.42,12.854,11.629,87.21,7.73,SI,SI
iGPU_OCL,FSRCNN_x3.pb,256,144,dgpu,38.73,40.838,41.272,39.103,25.82,14.18,NO,NO
iGPU_OCL,FSRCNN_x3.pb,320,180,dgpu,55.075,57.332,59.005,55.445,18.16,14.65,NO,NO
iGPU_OCL,FSRCNN_x3.pb,480,270,dgpu,119.485,133.656,151.34,123.158,8.37,15.63,NO,NO
iGPU_OCL,FSRCNN_x3.pb,640,360,dgpu,206.601,211.661,215.834,207.209,4.84,4.98,NO,NO
iGPU_OCL,FSRCNN_x3.pb,640,480,dgpu,271.098,277.869,283.438,271.601,3.69,7.32,NO,NO
iGPU_OCL,FSRCNN_x3.pb,800,600,dgpu,444.262,459.892,512.168,448.922,2.25,8.77,NO,NO
iGPU_OCL,FSRCNN_x3.pb,960,540,dgpu,479.4,483.861,489.386,479.844,2.09,15.13,NO,NO
iGPU_OCL,FSRCNN_x3.pb,1280,720,dgpu,861.553,901.989,929.23,867.393,1.16,9.94,NO,NO
iGPU_OCL,FSRCNN_x4.pb,128,72,dgpu,12.446,13.555,14.641,12.646,80.35,9.11,SI,SI
iGPU_OCL,FSRCNN_x4.pb,256,144,dgpu,41.353,47.301,56.968,42.754,24.18,12.09,NO,NO
iGPU_OCL,FSRCNN_x4.pb,320,180,dgpu,58.193,60.199,71.338,58.875,17.18,9.27,NO,NO
iGPU_OCL,FSRCNN_x4.pb,480,270,dgpu,121.693,128.505,140.337,123.603,8.22,7.83,NO,NO
iGPU_OCL,FSRCNN_x4.pb,640,360,dgpu,225.615,236.894,247.228,227.929,4.43,7.25,NO,NO
iGPU_OCL,FSRCNN_x4.pb,640,480,dgpu,297.244,300.749,326.715,298.625,3.36,0.27,NO,NO
iGPU_OCL,FSRCNN_x4.pb,960,540,dgpu,500.609,505.756,515.856,501.541,2.0,6.11,NO,NO
dGPU_OCL,FSRCNN_x2.pb,128,72,dgpu,11.981,12.991,13.839,12.22,83.47,65.85,SI,SI
dGPU_OCL,FSRCNN_x2.pb,256,144,dgpu,29.242,30.952,31.22,29.437,34.2,15.44,SI,NO
dGPU_OCL,FSRCNN_x2.pb,320,180,dgpu,46.077,47.181,47.994,45.894,21.7,17.8,NO,NO
dGPU_OCL,FSRCNN_x2.pb,480,270,dgpu,99.143,102.775,105.352,99.752,10.09,8.75,NO,NO
dGPU_OCL,FSRCNN_x2.pb,640,360,dgpu,180.522,188.232,193.13,182.018,5.54,19.61,NO,NO
dGPU_OCL,FSRCNN_x2.pb,640,480,dgpu,243.867,249.762,260.096,245.297,4.1,22.35,NO,NO
dGPU_OCL,FSRCNN_x2.pb,800,600,dgpu,388.869,393.899,418.187,390.424,2.57,18.49,NO,NO
dGPU_OCL,FSRCNN_x2.pb,960,540,dgpu,417.708,432.752,481.398,423.686,2.39,16.98,NO,NO
dGPU_OCL,FSRCNN_x2.pb,1280,720,dgpu,760.752,768.095,771.058,761.37,1.31,21.0,NO,NO
dGPU_OCL,FSRCNN_x2.pb,1920,1080,dgpu,1717.128,1776.726,1780.993,1727.51,0.58,22.74,NO,NO
dGPU_OCL,FSRCNN_x3.pb,128,72,dgpu,12.579,13.709,13.783,12.577,79.5,77.95,SI,SI
dGPU_OCL,FSRCNN_x3.pb,256,144,dgpu,31.924,33.717,34.924,31.968,31.32,20.56,SI,NO
dGPU_OCL,FSRCNN_x3.pb,320,180,dgpu,47.993,49.163,54.909,48.267,20.84,15.45,NO,NO
dGPU_OCL,FSRCNN_x3.pb,480,270,dgpu,103.23,106.28,123.12,104.428,9.69,18.17,NO,NO
dGPU_OCL,FSRCNN_x3.pb,640,360,dgpu,191.051,200.509,207.143,192.574,5.23,17.67,NO,NO
dGPU_OCL,FSRCNN_x3.pb,640,480,dgpu,255.809,259.208,267.801,256.57,3.91,9.82,NO,NO
dGPU_OCL,FSRCNN_x3.pb,800,600,dgpu,419.099,422.142,435.793,420.144,2.39,12.97,NO,NO
dGPU_OCL,FSRCNN_x3.pb,960,540,dgpu,455.142,459.637,471.974,456.32,2.2,12.7,NO,NO
dGPU_OCL,FSRCNN_x3.pb,1280,720,dgpu,800.659,827.544,846.015,805.969,1.25,10.77,NO,NO
dGPU_OCL,FSRCNN_x4.pb,128,72,dgpu,12.749,13.445,13.875,12.802,78.44,57.61,SI,SI
dGPU_OCL,FSRCNN_x4.pb,256,144,dgpu,33.553,35.503,36.878,33.71,29.8,29.77,NO,NO
dGPU_OCL,FSRCNN_x4.pb,320,180,dgpu,51.072,57.666,70.823,52.848,19.58,27.08,NO,NO
dGPU_OCL,FSRCNN_x4.pb,480,270,dgpu,111.473,117.021,122.0,112.359,8.97,21.7,NO,NO
dGPU_OCL,FSRCNN_x4.pb,640,360,dgpu,221.268,226.313,236.294,222.825,4.52,21.0,NO,NO
dGPU_OCL,FSRCNN_x4.pb,640,480,dgpu,286.15,293.381,328.554,288.939,3.49,19.04,NO,NO
dGPU_OCL,FSRCNN_x4.pb,960,540,dgpu,491.466,501.858,517.151,493.788,2.03,20.35,NO,NO
CPU_OV,super-resolution-10.onnx,224,224,dgpu,11.838,12.211,13.636,11.944,84.47,4.11,SI,SI
iGPU_OV,super-resolution-10.onnx,224,224,dgpu,3.241,3.324,3.907,3.274,308.5,8.79,SI,SI
dGPU_CUDA,super-resolution-10.onnx,224,224,dgpu,1.738,1.878,2.345,1.744,575.25,55.6,SI,SI
CPU_OV,RealESRGAN_x4.onnx,224,224,dgpu,11.802,12.072,12.342,11.769,84.73,4.59,SI,SI
iGPU_OV,RealESRGAN_x4.onnx,224,224,dgpu,3.457,4.076,4.303,3.594,289.27,15.73,SI,SI
dGPU_CUDA,RealESRGAN_x4.onnx,224,224,dgpu,1.753,1.864,2.194,1.739,570.58,72.88,SI,SI
CPU_OV,single-image-super-resolution-1032.xml,480,270,dgpu,75.487,78.538,80.786,75.768,13.25,18.23,NO,NO
iGPU_OV,single-image-super-resolution-1032.xml,480,270,dgpu,40.149,41.163,45.001,40.564,24.91,16.97,NO,NO
